{
    "LMA_accuracy": 0.2754617414248021,
    "LMA_precision": 0.015625,
    "LMA_recall": 0.0007627765064836003,
    "LMA_f1": 0.0014545454545454545,
    "LMA_auc": 0.3924210839785587,
    "LMA_eer": 0.5873333385578299,
    "LMA_apcer": 0.9992372234935164,
    "LMA_bpcer": 0.10787671232876712,
    "LMA_acer": 0.5535569679111417,
    "LMA_bonafide_mean": 0.2222936451435089,
    "LMA_morph_mean": 0.12242302298545837,
    "LMA_bonafide_std": 0.20134741067886353,
    "LMA_morph_std": 0.05487353354692459,
    "LMA_bonafide_count": 584,
    "LMA_morph_count": 1311,
    "LMA_bpcer_at_apcer_0.05": 0.839041095890411,
    "LMA_bpcer_at_apcer_0.10": 0.8065068493150684,
    "LMA_bpcer_at_apcer_0.20": 0.7431506849315068,
    "LMA_dataset": "LMA",
    "LMA_UBO_accuracy": 0.3056286165176223,
    "LMA_UBO_precision": 0.49230769230769234,
    "LMA_UBO_recall": 0.048558421851289835,
    "LMA_UBO_f1": 0.08839779005524862,
    "LMA_UBO_auc": 0.5909884772655696,
    "LMA_UBO_eer": 0.4170542716366864,
    "LMA_UBO_apcer": 0.9514415781487102,
    "LMA_UBO_bpcer": 0.11320754716981132,
    "LMA_UBO_acer": 0.5323245626592608,
    "LMA_UBO_bonafide_mean": 0.22132374346256256,
    "LMA_UBO_morph_mean": 0.2180541604757309,
    "LMA_UBO_bonafide_std": 0.20373721420764923,
    "LMA_UBO_morph_std": 0.11899534612894058,
    "LMA_UBO_bonafide_count": 583,
    "LMA_UBO_morph_count": 1318,
    "LMA_UBO_bpcer_at_apcer_0.05": 0.7598627787307033,
    "LMA_UBO_bpcer_at_apcer_0.10": 0.6449399656946827,
    "LMA_UBO_bpcer_at_apcer_0.20": 0.5660377358490566,
    "LMA_UBO_dataset": "LMA_UBO",
    "MIPGAN_I_accuracy": 0.29037348763808524,
    "MIPGAN_I_precision": 0.10256410256410256,
    "MIPGAN_I_recall": 0.0030349013657056147,
    "MIPGAN_I_f1": 0.0058953574060427415,
    "MIPGAN_I_auc": 0.5450537094251126,
    "MIPGAN_I_eer": 0.4709550048542805,
    "MIPGAN_I_apcer": 0.9969650986342944,
    "MIPGAN_I_bpcer": 0.060034305317324184,
    "MIPGAN_I_acer": 0.5284997019758093,
    "MIPGAN_I_bonafide_mean": 0.14733649790287018,
    "MIPGAN_I_morph_mean": 0.1199052557349205,
    "MIPGAN_I_bonafide_std": 0.1610690951347351,
    "MIPGAN_I_morph_std": 0.07844281196594238,
    "MIPGAN_I_bonafide_count": 583,
    "MIPGAN_I_morph_count": 1318,
    "MIPGAN_I_bpcer_at_apcer_0.05": 0.7838765008576329,
    "MIPGAN_I_bpcer_at_apcer_0.10": 0.7118353344768439,
    "MIPGAN_I_bpcer_at_apcer_0.20": 0.6466552315608919,
    "MIPGAN_I_dataset": "MIPGAN_I",
    "MIPGAN_II_accuracy": 0.291951604418727,
    "MIPGAN_II_precision": 0.0,
    "MIPGAN_II_recall": 0.0,
    "MIPGAN_II_f1": 0.0,
    "MIPGAN_II_auc": 0.4752639921706832,
    "MIPGAN_II_eer": 0.5092693331806339,
    "MIPGAN_II_apcer": 1.0,
    "MIPGAN_II_bpcer": 0.048027444253859346,
    "MIPGAN_II_acer": 0.5240137221269296,
    "MIPGAN_II_bonafide_mean": 0.13857436180114746,
    "MIPGAN_II_morph_mean": 0.08827517181634903,
    "MIPGAN_II_bonafide_std": 0.1531945914030075,
    "MIPGAN_II_morph_std": 0.04818921163678169,
    "MIPGAN_II_bonafide_count": 583,
    "MIPGAN_II_morph_count": 1318,
    "MIPGAN_II_bpcer_at_apcer_0.05": 0.8336192109777015,
    "MIPGAN_II_bpcer_at_apcer_0.10": 0.7804459691252144,
    "MIPGAN_II_bpcer_at_apcer_0.20": 0.7084048027444254,
    "MIPGAN_II_dataset": "MIPGAN_II",
    "MorDiff_accuracy": 0.3319200484554815,
    "MorDiff_precision": 0.9183006535947712,
    "MorDiff_recall": 0.20676968359087564,
    "MorDiff_f1": 0.3375375375375375,
    "MorDiff_auc": 0.7514401705524811,
    "MorDiff_eer": 0.31463505599403263,
    "MorDiff_apcer": 0.7932303164091243,
    "MorDiff_bpcer": 0.08561643835616438,
    "MorDiff_acer": 0.43942337738264436,
    "MorDiff_bonafide_mean": 0.25029322504997253,
    "MorDiff_morph_mean": 0.377638578414917,
    "MorDiff_bonafide_std": 0.1624331772327423,
    "MorDiff_morph_std": 0.14150464534759521,
    "MorDiff_bonafide_count": 584,
    "MorDiff_morph_count": 2718,
    "MorDiff_bpcer_at_apcer_0.05": 0.5941780821917808,
    "MorDiff_bpcer_at_apcer_0.10": 0.4948630136986301,
    "MorDiff_bpcer_at_apcer_0.20": 0.3921232876712329,
    "MorDiff_dataset": "MorDiff",
    "StyleGAN_accuracy": 0.28141499472016895,
    "StyleGAN_precision": 0.288135593220339,
    "StyleGAN_recall": 0.02593440122044241,
    "StyleGAN_f1": 0.04758572428271519,
    "StyleGAN_auc": 0.4444736645850587,
    "StyleGAN_eer": 0.5345532523979051,
    "StyleGAN_apcer": 0.9740655987795576,
    "StyleGAN_bpcer": 0.14408233276157806,
    "StyleGAN_acer": 0.5590739657705678,
    "StyleGAN_bonafide_mean": 0.22423870861530304,
    "StyleGAN_morph_mean": 0.14438246190547943,
    "StyleGAN_bonafide_std": 0.2315910905599594,
    "StyleGAN_morph_std": 0.12022186815738678,
    "StyleGAN_bonafide_count": 583,
    "StyleGAN_morph_count": 1311,
    "StyleGAN_bpcer_at_apcer_0.05": 0.8987993138936535,
    "StyleGAN_bpcer_at_apcer_0.10": 0.8524871355060034,
    "StyleGAN_bpcer_at_apcer_0.20": 0.7735849056603774,
    "StyleGAN_dataset": "StyleGAN",
    "LMA_MIPGAN_I_accuracy": 0.2829293993677555,
    "LMA_MIPGAN_I_precision": 0.04854368932038835,
    "LMA_MIPGAN_I_recall": 0.001901863826550019,
    "LMA_MIPGAN_I_f1": 0.0036603221083455345,
    "LMA_MIPGAN_I_auc": 0.47187148289642616,
    "LMA_MIPGAN_I_eer": 0.5180072443573966,
    "LMA_MIPGAN_I_apcer": 0.99809813617345,
    "LMA_MIPGAN_I_bpcer": 0.08397600685518423,
    "LMA_MIPGAN_I_acer": 0.5410370715143171,
    "LMA_MIPGAN_I_bonafide_mean": 0.1848471611738205,
    "LMA_MIPGAN_I_morph_mean": 0.12116105109453201,
    "LMA_MIPGAN_I_bonafide_std": 0.18615292012691498,
    "LMA_MIPGAN_I_morph_std": 0.06773480027914047,
    "LMA_MIPGAN_I_bonafide_count": 1167,
    "LMA_MIPGAN_I_morph_count": 2629,
    "LMA_MIPGAN_I_bpcer_at_apcer_0.05": 0.8131962296486718,
    "LMA_MIPGAN_I_bpcer_at_apcer_0.10": 0.7557840616966581,
    "LMA_MIPGAN_I_bpcer_at_apcer_0.20": 0.6872322193658955,
    "LMA_MIPGAN_I_dataset": "LMA_MIPGAN_I",
    "mean_accuracy": 0.2942399846489489,
    "mean_precision": 0.26649667585818476,
    "mean_recall": 0.040994578337335295,
    "mean_f1": 0.0692187538349193,
    "mean_auc": 0.5245017972676986,
    "mean_eer": 0.47882964299696645,
    "mean_apcer": 0.9590054216626648,
    "mean_bpcer": 0.09183154100609839,
    "mean_acer": 0.5254184813343815,
    "mean_dataset": "mean",
    "mean_bonafide_mean": 0.19841532409191132,
    "mean_morph_mean": 0.17026281356811523,
    "mean_bonafide_std": 0.18564650416374207,
    "mean_morph_std": 0.08999460190534592,
    "mean_bpcer_at_apcer_0.05": 0.7889390303129364,
    "mean_bpcer_at_apcer_0.10": 0.7209803327875859,
    "mean_bpcer_at_apcer_0.20": 0.6453126953976266,
    "mean_total_time": 210.12106585502625
}