{
    "LMA_accuracy": 0.29973614775725593,
    "LMA_precision": 0.05555555555555555,
    "LMA_recall": 0.0007627765064836003,
    "LMA_f1": 0.0015048908954100827,
    "LMA_auc": 0.25000130612415494,
    "LMA_eer": 0.6885716748691264,
    "LMA_apcer": 0.9992372234935164,
    "LMA_bpcer": 0.02910958904109589,
    "LMA_acer": 0.5141734062673061,
    "LMA_bonafide_mean": 0.07716742157936096,
    "LMA_morph_mean": 0.015009925700724125,
    "LMA_bonafide_std": 0.1342298984527588,
    "LMA_morph_std": 0.034501876682043076,
    "LMA_bonafide_count": 584,
    "LMA_morph_count": 1311,
    "LMA_bpcer_at_apcer_0.05": 0.9691780821917808,
    "LMA_bpcer_at_apcer_0.10": 0.9434931506849316,
    "LMA_bpcer_at_apcer_0.20": 0.9195205479452054,
    "LMA_dataset": "LMA",
    "LMA_UBO_accuracy": 0.33035244608101,
    "LMA_UBO_precision": 0.7848101265822784,
    "LMA_UBO_recall": 0.04704097116843703,
    "LMA_UBO_f1": 0.08876163206871868,
    "LMA_UBO_auc": 0.5757645166412023,
    "LMA_UBO_eer": 0.4512782504808731,
    "LMA_UBO_apcer": 0.952959028831563,
    "LMA_UBO_bpcer": 0.029159519725557463,
    "LMA_UBO_acer": 0.4910592742785602,
    "LMA_UBO_bonafide_mean": 0.07587584853172302,
    "LMA_UBO_morph_mean": 0.08246401697397232,
    "LMA_UBO_bonafide_std": 0.13035820424556732,
    "LMA_UBO_morph_std": 0.1365833580493927,
    "LMA_UBO_bonafide_count": 583,
    "LMA_UBO_morph_count": 1318,
    "LMA_UBO_bpcer_at_apcer_0.05": 0.8627787307032591,
    "LMA_UBO_bpcer_at_apcer_0.10": 0.7478559176672385,
    "LMA_UBO_bpcer_at_apcer_0.20": 0.5969125214408233,
    "LMA_UBO_dataset": "LMA_UBO",
    "MIPGAN_I_accuracy": 0.3051025775907417,
    "MIPGAN_I_precision": 0.0,
    "MIPGAN_I_recall": 0.0,
    "MIPGAN_I_f1": 0.0,
    "MIPGAN_I_auc": 0.5596920329934904,
    "MIPGAN_I_eer": 0.456028417712788,
    "MIPGAN_I_apcer": 1.0,
    "MIPGAN_I_bpcer": 0.005145797598627788,
    "MIPGAN_I_acer": 0.5025728987993139,
    "MIPGAN_I_bonafide_mean": 0.03706805408000946,
    "MIPGAN_I_morph_mean": 0.02542230114340782,
    "MIPGAN_I_bonafide_std": 0.08061191439628601,
    "MIPGAN_I_morph_std": 0.03141320124268532,
    "MIPGAN_I_bonafide_count": 583,
    "MIPGAN_I_morph_count": 1318,
    "MIPGAN_I_bpcer_at_apcer_0.05": 0.8216123499142367,
    "MIPGAN_I_bpcer_at_apcer_0.10": 0.7564322469982847,
    "MIPGAN_I_bpcer_at_apcer_0.20": 0.6518010291595198,
    "MIPGAN_I_dataset": "MIPGAN_I",
    "MIPGAN_II_accuracy": 0.3051025775907417,
    "MIPGAN_II_precision": 0.0,
    "MIPGAN_II_recall": 0.0,
    "MIPGAN_II_f1": 0.0,
    "MIPGAN_II_auc": 0.46956899715510525,
    "MIPGAN_II_eer": 0.5011875418079788,
    "MIPGAN_II_apcer": 1.0,
    "MIPGAN_II_bpcer": 0.005145797598627788,
    "MIPGAN_II_acer": 0.5025728987993139,
    "MIPGAN_II_bonafide_mean": 0.02994723431766033,
    "MIPGAN_II_morph_mean": 0.012683327309787273,
    "MIPGAN_II_bonafide_std": 0.0704508051276207,
    "MIPGAN_II_morph_std": 0.011896147392690182,
    "MIPGAN_II_bonafide_count": 583,
    "MIPGAN_II_morph_count": 1318,
    "MIPGAN_II_bpcer_at_apcer_0.05": 0.9005145797598628,
    "MIPGAN_II_bpcer_at_apcer_0.10": 0.8404802744425386,
    "MIPGAN_II_bpcer_at_apcer_0.20": 0.7512864493996569,
    "MIPGAN_II_dataset": "MIPGAN_II",
    "MorDiff_accuracy": 0.2150211992731678,
    "MorDiff_precision": 0.8315789473684211,
    "MorDiff_recall": 0.058130978660779986,
    "MorDiff_f1": 0.10866574965612105,
    "MorDiff_auc": 0.6854518834356447,
    "MorDiff_eer": 0.37097747638775486,
    "MorDiff_apcer": 0.94186902133922,
    "MorDiff_bpcer": 0.0547945205479452,
    "MorDiff_acer": 0.4983317709435826,
    "MorDiff_bonafide_mean": 0.12625302374362946,
    "MorDiff_morph_mean": 0.175071582198143,
    "MorDiff_bonafide_std": 0.1657259315252304,
    "MorDiff_morph_std": 0.1527806967496872,
    "MorDiff_bonafide_count": 584,
    "MorDiff_morph_count": 2718,
    "MorDiff_bpcer_at_apcer_0.05": 0.6318493150684932,
    "MorDiff_bpcer_at_apcer_0.10": 0.5445205479452054,
    "MorDiff_bpcer_at_apcer_0.20": 0.4554794520547945,
    "MorDiff_dataset": "MorDiff",
    "StyleGAN_accuracy": 0.28827877507919747,
    "StyleGAN_precision": 0.17543859649122806,
    "StyleGAN_recall": 0.007627765064836003,
    "StyleGAN_f1": 0.014619883040935672,
    "StyleGAN_auc": 0.40744171563220827,
    "StyleGAN_eer": 0.5607663352579375,
    "StyleGAN_apcer": 0.992372234935164,
    "StyleGAN_bpcer": 0.08061749571183534,
    "StyleGAN_acer": 0.5364948653234997,
    "StyleGAN_bonafide_mean": 0.12711000442504883,
    "StyleGAN_morph_mean": 0.042630646377801895,
    "StyleGAN_bonafide_std": 0.21493594348430634,
    "StyleGAN_morph_std": 0.07827474921941757,
    "StyleGAN_bonafide_count": 583,
    "StyleGAN_morph_count": 1311,
    "StyleGAN_bpcer_at_apcer_0.05": 0.9125214408233276,
    "StyleGAN_bpcer_at_apcer_0.10": 0.8593481989708405,
    "StyleGAN_bpcer_at_apcer_0.20": 0.7941680960548885,
    "StyleGAN_dataset": "StyleGAN",
    "LMA_MIPGAN_I_accuracy": 0.30242360379346683,
    "LMA_MIPGAN_I_precision": 0.047619047619047616,
    "LMA_MIPGAN_I_recall": 0.0003803727653100038,
    "LMA_MIPGAN_I_f1": 0.0007547169811320754,
    "LMA_MIPGAN_I_auc": 0.404423438654543,
    "LMA_MIPGAN_I_eer": 0.5736236421718992,
    "LMA_MIPGAN_I_apcer": 0.99961962723469,
    "LMA_MIPGAN_I_bpcer": 0.01713796058269066,
    "LMA_MIPGAN_I_acer": 0.5083787939086903,
    "LMA_MIPGAN_I_bonafide_mean": 0.057134922593832016,
    "LMA_MIPGAN_I_morph_mean": 0.020230013877153397,
    "LMA_MIPGAN_I_bonafide_std": 0.1125384271144867,
    "LMA_MIPGAN_I_morph_std": 0.0333993025124073,
    "LMA_MIPGAN_I_bonafide_count": 1167,
    "LMA_MIPGAN_I_morph_count": 2629,
    "LMA_MIPGAN_I_bpcer_at_apcer_0.05": 0.9125964010282777,
    "LMA_MIPGAN_I_bpcer_at_apcer_0.10": 0.8637532133676092,
    "LMA_MIPGAN_I_bpcer_at_apcer_0.20": 0.8011996572407883,
    "LMA_MIPGAN_I_dataset": "LMA_MIPGAN_I",
    "mean_accuracy": 0.292288189595083,
    "mean_precision": 0.27071461051664725,
    "mean_recall": 0.016277552023692375,
    "mean_f1": 0.030615267520331082,
    "mean_auc": 0.4789062700909069,
    "mean_eer": 0.5146333340983369,
    "mean_apcer": 0.9837224479763077,
    "mean_bpcer": 0.03158724011519716,
    "mean_acer": 0.5076548440457523,
    "mean_dataset": "mean",
    "mean_bonafide_mean": 0.0757937878370285,
    "mean_morph_mean": 0.05335883051156998,
    "mean_bonafide_std": 0.12983587384223938,
    "mean_morph_std": 0.06840705126523972,
    "mean_bpcer_at_apcer_0.05": 0.8587215570698911,
    "mean_bpcer_at_apcer_0.10": 0.7936976500109498,
    "mean_bpcer_at_apcer_0.20": 0.7100525361850967,
    "mean_total_time": 225.20484232902527
}