{
    "LMA_accuracy": 0.2970976253298153,
    "LMA_precision": 0.043478260869565216,
    "LMA_recall": 0.0007627765064836003,
    "LMA_f1": 0.0014992503748125937,
    "LMA_auc": 0.20832680271255863,
    "LMA_eer": 0.7190435514038223,
    "LMA_apcer": 0.9992372234935164,
    "LMA_bpcer": 0.03767123287671233,
    "LMA_acer": 0.5184542281851143,
    "LMA_bonafide_mean": 0.07246380299329758,
    "LMA_morph_mean": 0.008356919512152672,
    "LMA_bonafide_std": 0.15259091556072235,
    "LMA_morph_std": 0.02551470324397087,
    "LMA_bonafide_count": 584,
    "LMA_morph_count": 1311,
    "LMA_bpcer_at_apcer_0.05": 0.9811643835616438,
    "LMA_bpcer_at_apcer_0.10": 0.9726027397260274,
    "LMA_bpcer_at_apcer_0.20": 0.9383561643835616,
    "LMA_dataset": "LMA",
    "LMA_UBO_accuracy": 0.29773803261441345,
    "LMA_UBO_precision": 0.09523809523809523,
    "LMA_UBO_recall": 0.0015174506828528073,
    "LMA_UBO_f1": 0.002987303958177745,
    "LMA_UBO_auc": 0.5367259504889419,
    "LMA_UBO_eer": 0.4761834423485868,
    "LMA_UBO_apcer": 0.9984825493171472,
    "LMA_UBO_bpcer": 0.032590051457975985,
    "LMA_UBO_acer": 0.5155363003875616,
    "LMA_UBO_bonafide_mean": 0.06959082186222076,
    "LMA_UBO_morph_mean": 0.04234231635928154,
    "LMA_UBO_bonafide_std": 0.1456701159477234,
    "LMA_UBO_morph_std": 0.055120278149843216,
    "LMA_UBO_bonafide_count": 583,
    "LMA_UBO_morph_count": 1318,
    "LMA_UBO_bpcer_at_apcer_0.05": 0.8919382504288165,
    "LMA_UBO_bpcer_at_apcer_0.10": 0.8181818181818182,
    "LMA_UBO_bpcer_at_apcer_0.20": 0.6483704974271012,
    "LMA_UBO_dataset": "LMA_UBO",
    "MIPGAN_I_accuracy": 0.30457653866386114,
    "MIPGAN_I_precision": 0.0,
    "MIPGAN_I_recall": 0.0,
    "MIPGAN_I_f1": 0.0,
    "MIPGAN_I_auc": 0.594644153910624,
    "MIPGAN_I_eer": 0.42389906740552374,
    "MIPGAN_I_apcer": 1.0,
    "MIPGAN_I_bpcer": 0.00686106346483705,
    "MIPGAN_I_acer": 0.5034305317324185,
    "MIPGAN_I_bonafide_mean": 0.03592059388756752,
    "MIPGAN_I_morph_mean": 0.028137603774666786,
    "MIPGAN_I_bonafide_std": 0.08552733808755875,
    "MIPGAN_I_morph_std": 0.03654228150844574,
    "MIPGAN_I_bonafide_count": 583,
    "MIPGAN_I_morph_count": 1318,
    "MIPGAN_I_bpcer_at_apcer_0.05": 0.8456260720411664,
    "MIPGAN_I_bpcer_at_apcer_0.10": 0.7427101200686106,
    "MIPGAN_I_bpcer_at_apcer_0.20": 0.6260720411663808,
    "MIPGAN_I_dataset": "MIPGAN_I",
    "MIPGAN_II_accuracy": 0.3035244608100999,
    "MIPGAN_II_precision": 0.0,
    "MIPGAN_II_recall": 0.0,
    "MIPGAN_II_f1": 0.0,
    "MIPGAN_II_auc": 0.4902888361960141,
    "MIPGAN_II_eer": 0.4892132161365133,
    "MIPGAN_II_apcer": 1.0,
    "MIPGAN_II_bpcer": 0.010291595197255575,
    "MIPGAN_II_acer": 0.5051457975986278,
    "MIPGAN_II_bonafide_mean": 0.03263217583298683,
    "MIPGAN_II_morph_mean": 0.014272750355303288,
    "MIPGAN_II_bonafide_std": 0.08078503608703613,
    "MIPGAN_II_morph_std": 0.014958810061216354,
    "MIPGAN_II_bonafide_count": 583,
    "MIPGAN_II_morph_count": 1318,
    "MIPGAN_II_bpcer_at_apcer_0.05": 0.8867924528301887,
    "MIPGAN_II_bpcer_at_apcer_0.10": 0.8421955403087479,
    "MIPGAN_II_bpcer_at_apcer_0.20": 0.7409948542024014,
    "MIPGAN_II_dataset": "MIPGAN_II",
    "MorDiff_accuracy": 0.24318594791035736,
    "MorDiff_precision": 0.8369230769230769,
    "MorDiff_recall": 0.10007358351729213,
    "MorDiff_f1": 0.1787709497206704,
    "MorDiff_auc": 0.6655559839527452,
    "MorDiff_eer": 0.38542580160674145,
    "MorDiff_apcer": 0.8999264164827079,
    "MorDiff_bpcer": 0.09075342465753425,
    "MorDiff_acer": 0.49533992057012105,
    "MorDiff_bonafide_mean": 0.17218349874019623,
    "MorDiff_morph_mean": 0.2238151580095291,
    "MorDiff_bonafide_std": 0.21109746396541595,
    "MorDiff_morph_std": 0.18233318626880646,
    "MorDiff_bonafide_count": 584,
    "MorDiff_morph_count": 2718,
    "MorDiff_bpcer_at_apcer_0.05": 0.6712328767123288,
    "MorDiff_bpcer_at_apcer_0.10": 0.577054794520548,
    "MorDiff_bpcer_at_apcer_0.20": 0.5017123287671232,
    "MorDiff_dataset": "MorDiff",
    "StyleGAN_accuracy": 0.2877507919746568,
    "StyleGAN_precision": 0.25,
    "StyleGAN_recall": 0.014492753623188406,
    "StyleGAN_f1": 0.0273972602739726,
    "StyleGAN_auc": 0.41131185783834634,
    "StyleGAN_eer": 0.5647699306435976,
    "StyleGAN_apcer": 0.9855072463768116,
    "StyleGAN_bpcer": 0.09777015437392796,
    "StyleGAN_acer": 0.5416387003753698,
    "StyleGAN_bonafide_mean": 0.1390865296125412,
    "StyleGAN_morph_mean": 0.056006401777267456,
    "StyleGAN_bonafide_std": 0.22622264921665192,
    "StyleGAN_morph_std": 0.10412828624248505,
    "StyleGAN_bonafide_count": 583,
    "StyleGAN_morph_count": 1311,
    "StyleGAN_bpcer_at_apcer_0.05": 0.9262435677530018,
    "StyleGAN_bpcer_at_apcer_0.10": 0.8833619210977701,
    "StyleGAN_bpcer_at_apcer_0.20": 0.7890222984562607,
    "StyleGAN_dataset": "StyleGAN",
    "LMA_MIPGAN_I_accuracy": 0.30084299262381453,
    "LMA_MIPGAN_I_precision": 0.037037037037037035,
    "LMA_MIPGAN_I_recall": 0.0003803727653100038,
    "LMA_MIPGAN_I_f1": 0.0007530120481927711,
    "LMA_MIPGAN_I_auc": 0.40206868026295595,
    "LMA_MIPGAN_I_eer": 0.5792853946310401,
    "LMA_MIPGAN_I_apcer": 0.99961962723469,
    "LMA_MIPGAN_I_bpcer": 0.022279348757497857,
    "LMA_MIPGAN_I_acer": 0.510949487996094,
    "LMA_MIPGAN_I_bonafide_mean": 0.054207850247621536,
    "LMA_MIPGAN_I_morph_mean": 0.018273578956723213,
    "LMA_MIPGAN_I_bonafide_std": 0.125060573220253,
    "LMA_MIPGAN_I_morph_std": 0.03304431587457657,
    "LMA_MIPGAN_I_bonafide_count": 1167,
    "LMA_MIPGAN_I_morph_count": 2629,
    "LMA_MIPGAN_I_bpcer_at_apcer_0.05": 0.9357326478149101,
    "LMA_MIPGAN_I_bpcer_at_apcer_0.10": 0.9031705227077977,
    "LMA_MIPGAN_I_bpcer_at_apcer_0.20": 0.8286203941730934,
    "LMA_MIPGAN_I_dataset": "LMA_MIPGAN_I",
    "mean_accuracy": 0.2906737699895741,
    "mean_precision": 0.18038235286682489,
    "mean_recall": 0.01674670529930385,
    "mean_f1": 0.0302011109108323,
    "mean_auc": 0.47270318076602663,
    "mean_eer": 0.5196886291679751,
    "mean_apcer": 0.9832532947006961,
    "mean_bpcer": 0.04260241011224871,
    "mean_acer": 0.5129278524064724,
    "mean_dataset": "mean",
    "mean_bonafide_mean": 0.0822978988289833,
    "mean_morph_mean": 0.055886391550302505,
    "mean_bonafide_std": 0.14670772850513458,
    "mean_morph_std": 0.06452026963233948,
    "mean_bpcer_at_apcer_0.05": 0.876961464448865,
    "mean_bpcer_at_apcer_0.10": 0.819896779515903,
    "mean_bpcer_at_apcer_0.20": 0.7247355112251317,
    "mean_total_time": 210.69908261299133
}