{
    "LMA_accuracy": 0.30817941952506595,
    "LMA_precision": 0.0,
    "LMA_recall": 0.0,
    "LMA_f1": 0.0,
    "LMA_auc": 0.9251061878937964,
    "LMA_eer": 0.15447660992863335,
    "LMA_apcer": 1.0,
    "LMA_bpcer": 0.0,
    "LMA_acer": 0.5,
    "LMA_bonafide_mean": 0.007504969369620085,
    "LMA_morph_mean": 0.008310302160680294,
    "LMA_bonafide_std": 0.00040552462451159954,
    "LMA_morph_std": 0.0004033039731439203,
    "LMA_bonafide_count": 584,
    "LMA_morph_count": 1311,
    "LMA_bpcer_at_apcer_0.05": 0.3133561643835616,
    "LMA_bpcer_at_apcer_0.10": 0.2208904109589041,
    "LMA_bpcer_at_apcer_0.20": 0.1267123287671233,
    "LMA_dataset": "LMA",
    "LMA_UBO_accuracy": 0.30668069437138346,
    "LMA_UBO_precision": 0.0,
    "LMA_UBO_recall": 0.0,
    "LMA_UBO_f1": 0.0,
    "LMA_UBO_auc": 0.8551979843673949,
    "LMA_UBO_eer": 0.22464126476781443,
    "LMA_UBO_apcer": 1.0,
    "LMA_UBO_bpcer": 0.0,
    "LMA_UBO_acer": 0.5,
    "LMA_UBO_bonafide_mean": 0.007500721141695976,
    "LMA_UBO_morph_mean": 0.00804187636822462,
    "LMA_UBO_bonafide_std": 0.00039797837962396443,
    "LMA_UBO_morph_std": 0.0003189283306710422,
    "LMA_UBO_bonafide_count": 583,
    "LMA_UBO_morph_count": 1318,
    "LMA_UBO_bpcer_at_apcer_0.05": 0.4957118353344768,
    "LMA_UBO_bpcer_at_apcer_0.10": 0.38250428816466553,
    "LMA_UBO_bpcer_at_apcer_0.20": 0.2367066895368782,
    "LMA_UBO_dataset": "LMA_UBO",
    "MIPGAN_I_accuracy": 0.30668069437138346,
    "MIPGAN_I_precision": 0.0,
    "MIPGAN_I_recall": 0.0,
    "MIPGAN_I_f1": 0.0,
    "MIPGAN_I_auc": 0.2536706429253742,
    "MIPGAN_I_eer": 0.6739237943034433,
    "MIPGAN_I_apcer": 1.0,
    "MIPGAN_I_bpcer": 0.0,
    "MIPGAN_I_acer": 0.5,
    "MIPGAN_I_bonafide_mean": 0.007183613255620003,
    "MIPGAN_I_morph_mean": 0.006856031250208616,
    "MIPGAN_I_bonafide_std": 0.00038193081854842603,
    "MIPGAN_I_morph_std": 0.0003008474304806441,
    "MIPGAN_I_bonafide_count": 583,
    "MIPGAN_I_morph_count": 1318,
    "MIPGAN_I_bpcer_at_apcer_0.05": 0.9828473413379074,
    "MIPGAN_I_bpcer_at_apcer_0.10": 0.9777015437392796,
    "MIPGAN_I_bpcer_at_apcer_0.20": 0.9399656946826758,
    "MIPGAN_I_dataset": "MIPGAN_I",
    "MIPGAN_II_accuracy": 0.30668069437138346,
    "MIPGAN_II_precision": 0.0,
    "MIPGAN_II_recall": 0.0,
    "MIPGAN_II_f1": 0.0,
    "MIPGAN_II_auc": 0.24421846084170362,
    "MIPGAN_II_eer": 0.6960745398844863,
    "MIPGAN_II_apcer": 1.0,
    "MIPGAN_II_bpcer": 0.0,
    "MIPGAN_II_acer": 0.5,
    "MIPGAN_II_bonafide_mean": 0.0071319714188575745,
    "MIPGAN_II_morph_mean": 0.006824645213782787,
    "MIPGAN_II_bonafide_std": 0.00034983467776328325,
    "MIPGAN_II_morph_std": 0.00028307209140621126,
    "MIPGAN_II_bonafide_count": 583,
    "MIPGAN_II_morph_count": 1318,
    "MIPGAN_II_bpcer_at_apcer_0.05": 0.9777015437392796,
    "MIPGAN_II_bpcer_at_apcer_0.10": 0.9691252144082333,
    "MIPGAN_II_bpcer_at_apcer_0.20": 0.9433962264150944,
    "MIPGAN_II_dataset": "MIPGAN_II",
    "MorDiff_accuracy": 0.17686250757116898,
    "MorDiff_precision": 0.0,
    "MorDiff_recall": 0.0,
    "MorDiff_f1": 0.0,
    "MorDiff_auc": 0.15271509318898868,
    "MorDiff_eer": 0.7605637707016641,
    "MorDiff_apcer": 1.0,
    "MorDiff_bpcer": 0.0,
    "MorDiff_acer": 0.5,
    "MorDiff_bonafide_mean": 0.007355366833508015,
    "MorDiff_morph_mean": 0.006874801591038704,
    "MorDiff_bonafide_std": 0.0003426882321946323,
    "MorDiff_morph_std": 0.0003229639842174947,
    "MorDiff_bonafide_count": 584,
    "MorDiff_morph_count": 2718,
    "MorDiff_bpcer_at_apcer_0.05": 1.0,
    "MorDiff_bpcer_at_apcer_0.10": 0.9982876712328768,
    "MorDiff_bpcer_at_apcer_0.20": 0.9897260273972602,
    "MorDiff_dataset": "MorDiff",
    "StyleGAN_accuracy": 0.3078141499472017,
    "StyleGAN_precision": 0.0,
    "StyleGAN_recall": 0.0,
    "StyleGAN_f1": 0.0,
    "StyleGAN_auc": 0.17016130825983594,
    "StyleGAN_eer": 0.7428272186918187,
    "StyleGAN_apcer": 1.0,
    "StyleGAN_bpcer": 0.0,
    "StyleGAN_acer": 0.5,
    "StyleGAN_bonafide_mean": 0.007389801554381847,
    "StyleGAN_morph_mean": 0.006914032623171806,
    "StyleGAN_bonafide_std": 0.0003789300681091845,
    "StyleGAN_morph_std": 0.0003215775650460273,
    "StyleGAN_bonafide_count": 583,
    "StyleGAN_morph_count": 1311,
    "StyleGAN_bpcer_at_apcer_0.05": 0.9931389365351629,
    "StyleGAN_bpcer_at_apcer_0.10": 0.9914236706689536,
    "StyleGAN_bpcer_at_apcer_0.20": 0.9828473413379074,
    "StyleGAN_dataset": "StyleGAN",
    "LMA_MIPGAN_I_accuracy": 0.30742887249736567,
    "LMA_MIPGAN_I_precision": 0.0,
    "LMA_MIPGAN_I_recall": 0.0,
    "LMA_MIPGAN_I_f1": 0.0,
    "LMA_MIPGAN_I_auc": 0.560446838587334,
    "LMA_MIPGAN_I_eer": 0.4847995937475453,
    "LMA_MIPGAN_I_apcer": 1.0,
    "LMA_MIPGAN_I_bpcer": 0.0,
    "LMA_MIPGAN_I_acer": 0.5,
    "LMA_MIPGAN_I_bonafide_mean": 0.007351998705416918,
    "LMA_MIPGAN_I_morph_mean": 0.007582847494632006,
    "LMA_MIPGAN_I_bonafide_std": 0.00042263264185748994,
    "LMA_MIPGAN_I_morph_std": 0.0008055174839682877,
    "LMA_MIPGAN_I_bonafide_count": 1167,
    "LMA_MIPGAN_I_morph_count": 2629,
    "LMA_MIPGAN_I_bpcer_at_apcer_0.05": 0.9820051413881749,
    "LMA_MIPGAN_I_bpcer_at_apcer_0.10": 0.9682947729220223,
    "LMA_MIPGAN_I_bpcer_at_apcer_0.20": 0.9185946872322194,
    "LMA_MIPGAN_I_dataset": "LMA_MIPGAN_I",
    "mean_accuracy": 0.28861814752213605,
    "mean_precision": 0.0,
    "mean_recall": 0.0,
    "mean_f1": 0.0,
    "mean_auc": 0.45164521658063256,
    "mean_eer": 0.5339009702893436,
    "mean_apcer": 1.0,
    "mean_bpcer": 0.0,
    "mean_acer": 0.5,
    "mean_dataset": "mean",
    "mean_bonafide_mean": 0.0073454915545880795,
    "mean_morph_mean": 0.007343505509197712,
    "mean_bonafide_std": 0.0003827884793281555,
    "mean_morph_std": 0.00039374438347294927,
    "mean_bpcer_at_apcer_0.05": 0.8206801375312234,
    "mean_bpcer_at_apcer_0.10": 0.7868896531564193,
    "mean_bpcer_at_apcer_0.20": 0.7339927136241655,
    "mean_total_time": 189.85495471954346
}