{
    "LMA_accuracy": 0.3567282321899736,
    "LMA_precision": 0.9893617021276596,
    "LMA_recall": 0.07093821510297482,
    "LMA_f1": 0.13238434163701068,
    "LMA_auc": 0.919185527099464,
    "LMA_eer": 0.1658091961589501,
    "LMA_apcer": 0.9290617848970252,
    "LMA_bpcer": 0.0017123287671232876,
    "LMA_acer": 0.4653870568320742,
    "LMA_bonafide_mean": 0.4939103424549103,
    "LMA_morph_mean": 0.4973182678222656,
    "LMA_bonafide_std": 0.0019004070200026035,
    "LMA_morph_std": 0.001730608637444675,
    "LMA_bonafide_count": 584,
    "LMA_morph_count": 1311,
    "LMA_bpcer_at_apcer_0.05": 0.3184931506849315,
    "LMA_bpcer_at_apcer_0.10": 0.22945205479452055,
    "LMA_bpcer_at_apcer_0.20": 0.1421232876712329,
    "LMA_dataset": "LMA",
    "LMA_UBO_accuracy": 0.30668069437138346,
    "LMA_UBO_precision": 0.0,
    "LMA_UBO_recall": 0.0,
    "LMA_UBO_f1": 0.0,
    "LMA_UBO_auc": 0.6537180144561254,
    "LMA_UBO_eer": 0.3876793676160928,
    "LMA_UBO_apcer": 1.0,
    "LMA_UBO_bpcer": 0.0,
    "LMA_UBO_acer": 0.5,
    "LMA_UBO_bonafide_mean": 0.49404487013816833,
    "LMA_UBO_morph_mean": 0.4948878586292267,
    "LMA_UBO_bonafide_std": 0.0017573757795616984,
    "LMA_UBO_morph_std": 0.0014102875720709562,
    "LMA_UBO_bonafide_count": 583,
    "LMA_UBO_morph_count": 1318,
    "LMA_UBO_bpcer_at_apcer_0.05": 0.7530017152658662,
    "LMA_UBO_bpcer_at_apcer_0.10": 0.6586620926243568,
    "LMA_UBO_bpcer_at_apcer_0.20": 0.5506003430531733,
    "LMA_UBO_dataset": "LMA_UBO",
    "MIPGAN_I_accuracy": 0.3335086796422935,
    "MIPGAN_I_precision": 0.9047619047619048,
    "MIPGAN_I_recall": 0.04324734446130501,
    "MIPGAN_I_f1": 0.08254887762490949,
    "MIPGAN_I_auc": 0.7187185220082406,
    "MIPGAN_I_eer": 0.34100279283804924,
    "MIPGAN_I_apcer": 0.956752655538695,
    "MIPGAN_I_bpcer": 0.010291595197255575,
    "MIPGAN_I_acer": 0.4835221253679753,
    "MIPGAN_I_bonafide_mean": 0.49541932344436646,
    "MIPGAN_I_morph_mean": 0.49689406156539917,
    "MIPGAN_I_bonafide_std": 0.0019075985765084624,
    "MIPGAN_I_morph_std": 0.001689267810434103,
    "MIPGAN_I_bonafide_count": 583,
    "MIPGAN_I_morph_count": 1318,
    "MIPGAN_I_bpcer_at_apcer_0.05": 0.6946826758147513,
    "MIPGAN_I_bpcer_at_apcer_0.10": 0.6037735849056604,
    "MIPGAN_I_bpcer_at_apcer_0.20": 0.47684391080617494,
    "MIPGAN_I_dataset": "MIPGAN_I",
    "MIPGAN_II_accuracy": 0.35192004208311417,
    "MIPGAN_II_precision": 0.9215686274509803,
    "MIPGAN_II_recall": 0.07132018209408195,
    "MIPGAN_II_f1": 0.1323943661971831,
    "MIPGAN_II_auc": 0.7417880670593471,
    "MIPGAN_II_eer": 0.32445984742202566,
    "MIPGAN_II_apcer": 0.928679817905918,
    "MIPGAN_II_bpcer": 0.0137221269296741,
    "MIPGAN_II_acer": 0.47120097241779607,
    "MIPGAN_II_bonafide_mean": 0.4958992898464203,
    "MIPGAN_II_morph_mean": 0.49749666452407837,
    "MIPGAN_II_bonafide_std": 0.001855415292084217,
    "MIPGAN_II_morph_std": 0.0015985749196261168,
    "MIPGAN_II_bonafide_count": 583,
    "MIPGAN_II_morph_count": 1318,
    "MIPGAN_II_bpcer_at_apcer_0.05": 0.6312178387650086,
    "MIPGAN_II_bpcer_at_apcer_0.10": 0.5420240137221269,
    "MIPGAN_II_bpcer_at_apcer_0.20": 0.42710120068610635,
    "MIPGAN_II_dataset": "MIPGAN_II",
    "MorDiff_accuracy": 0.20654149000605693,
    "MorDiff_precision": 0.99,
    "MorDiff_recall": 0.03642384105960265,
    "MorDiff_f1": 0.07026259758694109,
    "MorDiff_auc": 0.819654233068231,
    "MorDiff_eer": 0.25701185400223775,
    "MorDiff_apcer": 0.9635761589403974,
    "MorDiff_bpcer": 0.0017123287671232876,
    "MorDiff_acer": 0.4826442438537603,
    "MorDiff_bonafide_mean": 0.49449393153190613,
    "MorDiff_morph_mean": 0.4967380464076996,
    "MorDiff_bonafide_std": 0.0017736427253112197,
    "MorDiff_morph_std": 0.001735907280817628,
    "MorDiff_bonafide_count": 584,
    "MorDiff_morph_count": 2718,
    "MorDiff_bpcer_at_apcer_0.05": 0.5976027397260274,
    "MorDiff_bpcer_at_apcer_0.10": 0.4708904109589041,
    "MorDiff_bpcer_at_apcer_0.20": 0.3133561643835616,
    "MorDiff_dataset": "MorDiff",
    "StyleGAN_accuracy": 0.3194297782470961,
    "StyleGAN_precision": 0.9583333333333334,
    "StyleGAN_recall": 0.017543859649122806,
    "StyleGAN_f1": 0.03445692883895131,
    "StyleGAN_auc": 0.8163016983879642,
    "StyleGAN_eer": 0.2607949884405996,
    "StyleGAN_apcer": 0.9824561403508771,
    "StyleGAN_bpcer": 0.0017152658662092624,
    "StyleGAN_acer": 0.4920857031085432,
    "StyleGAN_bonafide_mean": 0.494210809469223,
    "StyleGAN_morph_mean": 0.49640536308288574,
    "StyleGAN_bonafide_std": 0.001834834343753755,
    "StyleGAN_morph_std": 0.0015900508733466268,
    "StyleGAN_bonafide_count": 583,
    "StyleGAN_morph_count": 1311,
    "StyleGAN_bpcer_at_apcer_0.05": 0.5248713550600344,
    "StyleGAN_bpcer_at_apcer_0.10": 0.42710120068610635,
    "StyleGAN_bpcer_at_apcer_0.20": 0.31217838765008576,
    "StyleGAN_dataset": "StyleGAN",
    "LMA_MIPGAN_I_accuracy": 0.34062170706006323,
    "LMA_MIPGAN_I_precision": 0.9315068493150684,
    "LMA_MIPGAN_I_recall": 0.051730696082160514,
    "LMA_MIPGAN_I_f1": 0.09801801801801802,
    "LMA_MIPGAN_I_auc": 0.8174627930573333,
    "LMA_MIPGAN_I_eer": 0.26804383119793307,
    "LMA_MIPGAN_I_apcer": 0.9482693039178395,
    "LMA_MIPGAN_I_bpcer": 0.00856898029134533,
    "LMA_MIPGAN_I_acer": 0.4784191421045924,
    "LMA_MIPGAN_I_bonafide_mean": 0.494658499956131,
    "LMA_MIPGAN_I_morph_mean": 0.49705639481544495,
    "LMA_MIPGAN_I_bonafide_std": 0.002080324338749051,
    "LMA_MIPGAN_I_morph_std": 0.0017527792369946837,
    "LMA_MIPGAN_I_bonafide_count": 1167,
    "LMA_MIPGAN_I_morph_count": 2629,
    "LMA_MIPGAN_I_bpcer_at_apcer_0.05": 0.5184233076263924,
    "LMA_MIPGAN_I_bpcer_at_apcer_0.10": 0.4310197086546701,
    "LMA_MIPGAN_I_bpcer_at_apcer_0.20": 0.3273350471293916,
    "LMA_MIPGAN_I_dataset": "LMA_MIPGAN_I",
    "mean_accuracy": 0.3164900890857116,
    "mean_precision": 0.8136474881412781,
    "mean_recall": 0.041600591207035395,
    "mean_f1": 0.07858073284328768,
    "mean_auc": 0.7838326935909581,
    "mean_eer": 0.28640026823941256,
    "mean_apcer": 0.9583994087929646,
    "mean_bpcer": 0.005388946545532978,
    "mean_acer": 0.48189417766924875,
    "mean_dataset": "mean",
    "mean_bonafide_mean": 0.49466243386268616,
    "mean_morph_mean": 0.4966852366924286,
    "mean_bonafide_std": 0.0018727995920926332,
    "mean_morph_std": 0.0016439250903204083,
    "mean_bpcer_at_apcer_0.05": 0.5768989689918589,
    "mean_bpcer_at_apcer_0.10": 0.48041758090662073,
    "mean_bpcer_at_apcer_0.20": 0.36421976305424664,
    "mean_total_time": 184.53147506713867
}