{
    "LMA_accuracy": 0.2970976253298153,
    "LMA_precision": 0.1111111111111111,
    "LMA_recall": 0.002288329519450801,
    "LMA_f1": 0.004484304932735426,
    "LMA_auc": 0.31958376435430447,
    "LMA_eer": 0.6353334012517895,
    "LMA_apcer": 0.9977116704805492,
    "LMA_bpcer": 0.0410958904109589,
    "LMA_acer": 0.5194037804457541,
    "LMA_bonafide_mean": 0.07821115106344223,
    "LMA_morph_mean": 0.014369845390319824,
    "LMA_bonafide_std": 0.15948477387428284,
    "LMA_morph_std": 0.044511828571558,
    "LMA_bonafide_count": 584,
    "LMA_morph_count": 1311,
    "LMA_bpcer_at_apcer_0.05": 0.9315068493150684,
    "LMA_bpcer_at_apcer_0.10": 0.9075342465753424,
    "LMA_bpcer_at_apcer_0.20": 0.833904109589041,
    "LMA_dataset": "LMA",
    "LMA_UBO_accuracy": 0.31246712256707,
    "LMA_UBO_precision": 0.6122448979591837,
    "LMA_UBO_recall": 0.02276176024279211,
    "LMA_UBO_f1": 0.043891733723482075,
    "LMA_UBO_auc": 0.5872169746249971,
    "LMA_UBO_eer": 0.44928252953562886,
    "LMA_UBO_apcer": 0.9772382397572079,
    "LMA_UBO_bpcer": 0.032590051457975985,
    "LMA_UBO_acer": 0.504914145607592,
    "LMA_UBO_bonafide_mean": 0.07697463780641556,
    "LMA_UBO_morph_mean": 0.07275409251451492,
    "LMA_UBO_bonafide_std": 0.15439890325069427,
    "LMA_UBO_morph_std": 0.12023039162158966,
    "LMA_UBO_bonafide_count": 583,
    "LMA_UBO_morph_count": 1318,
    "LMA_UBO_bpcer_at_apcer_0.05": 0.8078902229845626,
    "LMA_UBO_bpcer_at_apcer_0.10": 0.7169811320754716,
    "LMA_UBO_bpcer_at_apcer_0.20": 0.5934819897084048,
    "LMA_UBO_dataset": "LMA_UBO",
    "MIPGAN_I_accuracy": 0.3035244608100999,
    "MIPGAN_I_precision": 0.0,
    "MIPGAN_I_recall": 0.0,
    "MIPGAN_I_f1": 0.0,
    "MIPGAN_I_auc": 0.6055734427910681,
    "MIPGAN_I_eer": 0.4235197047348105,
    "MIPGAN_I_apcer": 1.0,
    "MIPGAN_I_bpcer": 0.010291595197255575,
    "MIPGAN_I_acer": 0.5051457975986278,
    "MIPGAN_I_bonafide_mean": 0.039557330310344696,
    "MIPGAN_I_morph_mean": 0.02874983847141266,
    "MIPGAN_I_bonafide_std": 0.09634760767221451,
    "MIPGAN_I_morph_std": 0.04313981533050537,
    "MIPGAN_I_bonafide_count": 583,
    "MIPGAN_I_morph_count": 1318,
    "MIPGAN_I_bpcer_at_apcer_0.05": 0.7718696397941681,
    "MIPGAN_I_bpcer_at_apcer_0.10": 0.6843910806174958,
    "MIPGAN_I_bpcer_at_apcer_0.20": 0.58147512864494,
    "MIPGAN_I_dataset": "MIPGAN_I",
    "MIPGAN_II_accuracy": 0.30247238295633877,
    "MIPGAN_II_precision": 0.0,
    "MIPGAN_II_recall": 0.0,
    "MIPGAN_II_f1": 0.0,
    "MIPGAN_II_auc": 0.518856862495022,
    "MIPGAN_II_eer": 0.4701962795128541,
    "MIPGAN_II_apcer": 1.0,
    "MIPGAN_II_bpcer": 0.0137221269296741,
    "MIPGAN_II_acer": 0.5068610634648371,
    "MIPGAN_II_bonafide_mean": 0.03236686810851097,
    "MIPGAN_II_morph_mean": 0.011421886272728443,
    "MIPGAN_II_bonafide_std": 0.09272106736898422,
    "MIPGAN_II_morph_std": 0.0131986727938056,
    "MIPGAN_II_bonafide_count": 583,
    "MIPGAN_II_morph_count": 1318,
    "MIPGAN_II_bpcer_at_apcer_0.05": 0.8456260720411664,
    "MIPGAN_II_bpcer_at_apcer_0.10": 0.7821612349914236,
    "MIPGAN_II_bpcer_at_apcer_0.20": 0.6689536878216124,
    "MIPGAN_II_dataset": "MIPGAN_II",
    "MorDiff_accuracy": 0.25802543912780135,
    "MorDiff_precision": 0.8418367346938775,
    "MorDiff_recall": 0.12141280353200883,
    "MorDiff_f1": 0.21221864951768488,
    "MorDiff_auc": 0.6451151380446943,
    "MorDiff_eer": 0.3949777989456389,
    "MorDiff_apcer": 0.8785871964679912,
    "MorDiff_bpcer": 0.10616438356164383,
    "MorDiff_acer": 0.4923757900148175,
    "MorDiff_bonafide_mean": 0.16424228250980377,
    "MorDiff_morph_mean": 0.20733988285064697,
    "MorDiff_bonafide_std": 0.22558285295963287,
    "MorDiff_morph_std": 0.20641395449638367,
    "MorDiff_bonafide_count": 584,
    "MorDiff_morph_count": 2718,
    "MorDiff_bpcer_at_apcer_0.05": 0.684931506849315,
    "MorDiff_bpcer_at_apcer_0.10": 0.6267123287671232,
    "MorDiff_bpcer_at_apcer_0.20": 0.523972602739726,
    "MorDiff_dataset": "MorDiff",
    "StyleGAN_accuracy": 0.28511087645195354,
    "StyleGAN_precision": 0.2912621359223301,
    "StyleGAN_recall": 0.02288329519450801,
    "StyleGAN_f1": 0.042432814710042434,
    "StyleGAN_auc": 0.4323843765577715,
    "StyleGAN_eer": 0.5458012620484016,
    "StyleGAN_apcer": 0.977116704805492,
    "StyleGAN_bpcer": 0.12521440823327615,
    "StyleGAN_acer": 0.551165556519384,
    "StyleGAN_bonafide_mean": 0.1555439531803131,
    "StyleGAN_morph_mean": 0.060013074427843094,
    "StyleGAN_bonafide_std": 0.25232723355293274,
    "StyleGAN_morph_std": 0.11954526603221893,
    "StyleGAN_bonafide_count": 583,
    "StyleGAN_morph_count": 1311,
    "StyleGAN_bpcer_at_apcer_0.05": 0.8902229845626072,
    "StyleGAN_bpcer_at_apcer_0.10": 0.8456260720411664,
    "StyleGAN_bpcer_at_apcer_0.20": 0.7787307032590052,
    "StyleGAN_dataset": "StyleGAN",
    "LMA_MIPGAN_I_accuracy": 0.30031612223393045,
    "LMA_MIPGAN_I_precision": 0.09090909090909091,
    "LMA_MIPGAN_I_recall": 0.0011411182959300114,
    "LMA_MIPGAN_I_f1": 0.002253944402704733,
    "LMA_MIPGAN_I_auc": 0.4634092481754656,
    "LMA_MIPGAN_I_eer": 0.5356111371320416,
    "LMA_MIPGAN_I_apcer": 0.99885888170407,
    "LMA_MIPGAN_I_bpcer": 0.02570694087403599,
    "LMA_MIPGAN_I_acer": 0.512282911289053,
    "LMA_MIPGAN_I_bonafide_mean": 0.058900803327560425,
    "LMA_MIPGAN_I_morph_mean": 0.021578630432486534,
    "LMA_MIPGAN_I_bonafide_std": 0.13319000601768494,
    "LMA_MIPGAN_I_morph_std": 0.044408585876226425,
    "LMA_MIPGAN_I_bonafide_count": 1167,
    "LMA_MIPGAN_I_morph_count": 2629,
    "LMA_MIPGAN_I_bpcer_at_apcer_0.05": 0.869751499571551,
    "LMA_MIPGAN_I_bpcer_at_apcer_0.10": 0.8029134532990574,
    "LMA_MIPGAN_I_bpcer_at_apcer_0.20": 0.7377892030848329,
    "LMA_MIPGAN_I_dataset": "LMA_MIPGAN_I",
    "mean_accuracy": 0.29414486135385853,
    "mean_precision": 0.2781948529422276,
    "mean_recall": 0.024355329540669966,
    "mean_f1": 0.04361163532666422,
    "mean_auc": 0.5103056867204747,
    "mean_eer": 0.493531730451595,
    "mean_apcer": 0.97564467045933,
    "mean_bpcer": 0.050683628094974356,
    "mean_acer": 0.5131641492771523,
    "mean_dataset": "mean",
    "mean_bonafide_mean": 0.08654243499040604,
    "mean_morph_mean": 0.05946103855967522,
    "mean_bonafide_std": 0.15915034711360931,
    "mean_morph_std": 0.08449263870716095,
    "mean_bpcer_at_apcer_0.05": 0.8288283964454912,
    "mean_bpcer_at_apcer_0.10": 0.7666170783381544,
    "mean_bpcer_at_apcer_0.20": 0.674043917835366,
    "mean_total_time": 240.6433448791504
}