{
    "LMA_accuracy": 0.2970976253298153,
    "LMA_precision": 0.043478260869565216,
    "LMA_recall": 0.0007627765064836003,
    "LMA_f1": 0.0014992503748125937,
    "LMA_auc": 0.27169341608935976,
    "LMA_eer": 0.6647623376487676,
    "LMA_apcer": 0.9992372234935164,
    "LMA_bpcer": 0.03767123287671233,
    "LMA_acer": 0.5184542281851143,
    "LMA_bonafide_mean": 0.08775884658098221,
    "LMA_morph_mean": 0.015845026820898056,
    "LMA_bonafide_std": 0.16384442150592804,
    "LMA_morph_std": 0.0326276533305645,
    "LMA_bonafide_count": 584,
    "LMA_morph_count": 1311,
    "LMA_bpcer_at_apcer_0.05": 0.9691780821917808,
    "LMA_bpcer_at_apcer_0.10": 0.9537671232876712,
    "LMA_bpcer_at_apcer_0.20": 0.886986301369863,
    "LMA_dataset": "LMA",
    "LMA_UBO_accuracy": 0.3056286165176223,
    "LMA_UBO_precision": 0.4782608695652174,
    "LMA_UBO_recall": 0.01669195751138088,
    "LMA_UBO_f1": 0.03225806451612903,
    "LMA_UBO_auc": 0.5941769456815124,
    "LMA_UBO_eer": 0.4222827091309927,
    "LMA_UBO_apcer": 0.9833080424886191,
    "LMA_UBO_bpcer": 0.0411663807890223,
    "LMA_UBO_acer": 0.5122372116388207,
    "LMA_UBO_bonafide_mean": 0.08620811253786087,
    "LMA_UBO_morph_mean": 0.08189141005277634,
    "LMA_UBO_bonafide_std": 0.15927597880363464,
    "LMA_UBO_morph_std": 0.1114024817943573,
    "LMA_UBO_bonafide_count": 583,
    "LMA_UBO_morph_count": 1318,
    "LMA_UBO_bpcer_at_apcer_0.05": 0.8387650085763293,
    "LMA_UBO_bpcer_at_apcer_0.10": 0.7324185248713551,
    "LMA_UBO_bpcer_at_apcer_0.20": 0.5746140651801029,
    "LMA_UBO_dataset": "LMA_UBO",
    "MIPGAN_I_accuracy": 0.30457653866386114,
    "MIPGAN_I_precision": 0.0,
    "MIPGAN_I_recall": 0.0,
    "MIPGAN_I_f1": 0.0,
    "MIPGAN_I_auc": 0.5959117327829213,
    "MIPGAN_I_eer": 0.42950686757054324,
    "MIPGAN_I_apcer": 1.0,
    "MIPGAN_I_bpcer": 0.00686106346483705,
    "MIPGAN_I_acer": 0.5034305317324185,
    "MIPGAN_I_bonafide_mean": 0.040623411536216736,
    "MIPGAN_I_morph_mean": 0.031324874609708786,
    "MIPGAN_I_bonafide_std": 0.0904528796672821,
    "MIPGAN_I_morph_std": 0.03721506521105766,
    "MIPGAN_I_bonafide_count": 583,
    "MIPGAN_I_morph_count": 1318,
    "MIPGAN_I_bpcer_at_apcer_0.05": 0.8113207547169812,
    "MIPGAN_I_bpcer_at_apcer_0.10": 0.7221269296740995,
    "MIPGAN_I_bpcer_at_apcer_0.20": 0.6192109777015438,
    "MIPGAN_I_dataset": "MIPGAN_I",
    "MIPGAN_II_accuracy": 0.30405049973698056,
    "MIPGAN_II_precision": 0.0,
    "MIPGAN_II_recall": 0.0,
    "MIPGAN_II_f1": 0.0,
    "MIPGAN_II_auc": 0.49505592183176855,
    "MIPGAN_II_eer": 0.48312714570910237,
    "MIPGAN_II_apcer": 1.0,
    "MIPGAN_II_bpcer": 0.008576329331046312,
    "MIPGAN_II_acer": 0.5042881646655232,
    "MIPGAN_II_bonafide_mean": 0.03459830954670906,
    "MIPGAN_II_morph_mean": 0.015481616370379925,
    "MIPGAN_II_bonafide_std": 0.0838136151432991,
    "MIPGAN_II_morph_std": 0.014791912399232388,
    "MIPGAN_II_bonafide_count": 583,
    "MIPGAN_II_morph_count": 1318,
    "MIPGAN_II_bpcer_at_apcer_0.05": 0.8850771869639794,
    "MIPGAN_II_bpcer_at_apcer_0.10": 0.8301886792452831,
    "MIPGAN_II_bpcer_at_apcer_0.20": 0.7101200686106347,
    "MIPGAN_II_dataset": "MIPGAN_II",
    "MorDiff_accuracy": 0.25378558449424593,
    "MorDiff_precision": 0.8802395209580839,
    "MorDiff_recall": 0.10816777041942605,
    "MorDiff_f1": 0.1926605504587156,
    "MorDiff_auc": 0.7399566058846655,
    "MorDiff_eer": 0.3294582287540193,
    "MorDiff_apcer": 0.891832229580574,
    "MorDiff_bpcer": 0.0684931506849315,
    "MorDiff_acer": 0.4801626901327527,
    "MorDiff_bonafide_mean": 0.1428712010383606,
    "MorDiff_morph_mean": 0.23594963550567627,
    "MorDiff_bonafide_std": 0.18474061787128448,
    "MorDiff_morph_std": 0.17739535868167877,
    "MorDiff_bonafide_count": 584,
    "MorDiff_morph_count": 2718,
    "MorDiff_bpcer_at_apcer_0.05": 0.5256849315068494,
    "MorDiff_bpcer_at_apcer_0.10": 0.4571917808219178,
    "MorDiff_bpcer_at_apcer_0.20": 0.3921232876712329,
    "MorDiff_dataset": "MorDiff",
    "StyleGAN_accuracy": 0.28722280887011614,
    "StyleGAN_precision": 0.21739130434782608,
    "StyleGAN_recall": 0.011441647597254004,
    "StyleGAN_f1": 0.021739130434782608,
    "StyleGAN_auc": 0.4103999277782793,
    "StyleGAN_eer": 0.5607663352579375,
    "StyleGAN_apcer": 0.988558352402746,
    "StyleGAN_bpcer": 0.09262435677530018,
    "StyleGAN_acer": 0.5405913545890231,
    "StyleGAN_bonafide_mean": 0.13353405892848969,
    "StyleGAN_morph_mean": 0.05053246021270752,
    "StyleGAN_bonafide_std": 0.22257199883460999,
    "StyleGAN_morph_std": 0.09088367223739624,
    "StyleGAN_bonafide_count": 583,
    "StyleGAN_morph_count": 1311,
    "StyleGAN_bpcer_at_apcer_0.05": 0.9159519725557461,
    "StyleGAN_bpcer_at_apcer_0.10": 0.8576329331046312,
    "StyleGAN_bpcer_at_apcer_0.20": 0.8113207547169812,
    "StyleGAN_dataset": "StyleGAN",
    "LMA_MIPGAN_I_accuracy": 0.30084299262381453,
    "LMA_MIPGAN_I_precision": 0.037037037037037035,
    "LMA_MIPGAN_I_recall": 0.0003803727653100038,
    "LMA_MIPGAN_I_f1": 0.0007530120481927711,
    "LMA_MIPGAN_I_auc": 0.43456789882019253,
    "LMA_MIPGAN_I_eer": 0.5482659467289083,
    "LMA_MIPGAN_I_apcer": 0.99961962723469,
    "LMA_MIPGAN_I_bpcer": 0.022279348757497857,
    "LMA_MIPGAN_I_acer": 0.510949487996094,
    "LMA_MIPGAN_I_bonafide_mean": 0.06421132385730743,
    "LMA_MIPGAN_I_morph_mean": 0.023605553433299065,
    "LMA_MIPGAN_I_bonafide_std": 0.13444995880126953,
    "LMA_MIPGAN_I_morph_std": 0.03585013747215271,
    "LMA_MIPGAN_I_bonafide_count": 1167,
    "LMA_MIPGAN_I_morph_count": 2629,
    "LMA_MIPGAN_I_bpcer_at_apcer_0.05": 0.9108826049700086,
    "LMA_MIPGAN_I_bpcer_at_apcer_0.10": 0.8620394173093402,
    "LMA_MIPGAN_I_bpcer_at_apcer_0.20": 0.7694944301628106,
    "LMA_MIPGAN_I_dataset": "LMA_MIPGAN_I",
    "mean_accuracy": 0.29331495231949367,
    "mean_precision": 0.2366295703968185,
    "mean_recall": 0.01963493211426493,
    "mean_f1": 0.035558572547518943,
    "mean_auc": 0.5059660641241,
    "mean_eer": 0.4911670815428959,
    "mean_apcer": 0.9803650678857351,
    "mean_bpcer": 0.03966740895419251,
    "mean_acer": 0.5100162384199638,
    "mean_dataset": "mean",
    "mean_bonafide_mean": 0.08425789326429367,
    "mean_morph_mean": 0.0649472251534462,
    "mean_bonafide_std": 0.14844992756843567,
    "mean_morph_std": 0.07145232707262039,
    "mean_bpcer_at_apcer_0.05": 0.8366943630688105,
    "mean_bpcer_at_apcer_0.10": 0.7736236269020426,
    "mean_bpcer_at_apcer_0.20": 0.6805528407733099,
    "mean_total_time": 214.8501491546631
}