{
    "LMA_accuracy": 0.2649076517150396,
    "LMA_precision": 0.011904761904761904,
    "LMA_recall": 0.0007627765064836003,
    "LMA_f1": 0.0014336917562724014,
    "LMA_auc": 0.19728874747918038,
    "LMA_eer": 0.72333221006656,
    "LMA_apcer": 0.9992372234935164,
    "LMA_bpcer": 0.1421232876712329,
    "LMA_acer": 0.5706802555823747,
    "LMA_bonafide_mean": 0.2451123297214508,
    "LMA_morph_mean": 0.08124156296253204,
    "LMA_bonafide_std": 0.2130834460258484,
    "LMA_morph_std": 0.0490802563726902,
    "LMA_bonafide_count": 584,
    "LMA_morph_count": 1311,
    "LMA_bpcer_at_apcer_0.05": 0.9845890410958904,
    "LMA_bpcer_at_apcer_0.10": 0.9726027397260274,
    "LMA_bpcer_at_apcer_0.20": 0.9383561643835616,
    "LMA_dataset": "LMA",
    "LMA_UBO_accuracy": 0.3056286165176223,
    "LMA_UBO_precision": 0.49390243902439024,
    "LMA_UBO_recall": 0.061456752655538696,
    "LMA_UBO_f1": 0.10931174089068826,
    "LMA_UBO_auc": 0.5665335752231277,
    "LMA_UBO_eer": 0.448045533931811,
    "LMA_UBO_apcer": 0.9385432473444613,
    "LMA_UBO_bpcer": 0.1423670668953688,
    "LMA_UBO_acer": 0.540455157119915,
    "LMA_UBO_bonafide_mean": 0.24275262653827667,
    "LMA_UBO_morph_mean": 0.2333361953496933,
    "LMA_UBO_bonafide_std": 0.2165638953447342,
    "LMA_UBO_morph_std": 0.14209303259849548,
    "LMA_UBO_bonafide_count": 583,
    "LMA_UBO_morph_count": 1318,
    "LMA_UBO_bpcer_at_apcer_0.05": 0.7804459691252144,
    "LMA_UBO_bpcer_at_apcer_0.10": 0.7015437392795884,
    "LMA_UBO_bpcer_at_apcer_0.20": 0.6174957118353345,
    "LMA_UBO_dataset": "LMA_UBO",
    "MIPGAN_I_accuracy": 0.28511309836927934,
    "MIPGAN_I_precision": 0.08163265306122448,
    "MIPGAN_I_recall": 0.0030349013657056147,
    "MIPGAN_I_f1": 0.005852231163130944,
    "MIPGAN_I_auc": 0.4892268810011531,
    "MIPGAN_I_eer": 0.5113639617175563,
    "MIPGAN_I_apcer": 0.9969650986342944,
    "MIPGAN_I_bpcer": 0.07718696397941681,
    "MIPGAN_I_acer": 0.5370760313068556,
    "MIPGAN_I_bonafide_mean": 0.1498868614435196,
    "MIPGAN_I_morph_mean": 0.09907368570566177,
    "MIPGAN_I_bonafide_std": 0.17340737581253052,
    "MIPGAN_I_morph_std": 0.07274915277957916,
    "MIPGAN_I_bonafide_count": 583,
    "MIPGAN_I_morph_count": 1318,
    "MIPGAN_I_bpcer_at_apcer_0.05": 0.8353344768439108,
    "MIPGAN_I_bpcer_at_apcer_0.10": 0.7838765008576329,
    "MIPGAN_I_bpcer_at_apcer_0.20": 0.7032590051457976,
    "MIPGAN_I_dataset": "MIPGAN_I",
    "MIPGAN_II_accuracy": 0.2914255654918464,
    "MIPGAN_II_precision": 0.0,
    "MIPGAN_II_recall": 0.0,
    "MIPGAN_II_f1": 0.0,
    "MIPGAN_II_auc": 0.4227076213505051,
    "MIPGAN_II_eer": 0.5354115206521655,
    "MIPGAN_II_apcer": 1.0,
    "MIPGAN_II_bpcer": 0.04974271012006861,
    "MIPGAN_II_acer": 0.5248713550600344,
    "MIPGAN_II_bonafide_mean": 0.13189184665679932,
    "MIPGAN_II_morph_mean": 0.07145854830741882,
    "MIPGAN_II_bonafide_std": 0.15463881194591522,
    "MIPGAN_II_morph_std": 0.043113306164741516,
    "MIPGAN_II_bonafide_count": 583,
    "MIPGAN_II_morph_count": 1318,
    "MIPGAN_II_bpcer_at_apcer_0.05": 0.8799313893653516,
    "MIPGAN_II_bpcer_at_apcer_0.10": 0.8319039451114922,
    "MIPGAN_II_bpcer_at_apcer_0.20": 0.7701543739279588,
    "MIPGAN_II_dataset": "MIPGAN_II",
    "MorDiff_accuracy": 0.46244700181708054,
    "MorDiff_precision": 0.9529298751200769,
    "MorDiff_recall": 0.36497424576894777,
    "MorDiff_f1": 0.5277999467943602,
    "MorDiff_auc": 0.840128468757245,
    "MorDiff_eer": 0.23466023062888708,
    "MorDiff_apcer": 0.6350257542310522,
    "MorDiff_bpcer": 0.0839041095890411,
    "MorDiff_acer": 0.3594649319100467,
    "MorDiff_bonafide_mean": 0.2319098711013794,
    "MorDiff_morph_mean": 0.44532135128974915,
    "MorDiff_bonafide_std": 0.15856309235095978,
    "MorDiff_morph_std": 0.15802516043186188,
    "MorDiff_bonafide_count": 584,
    "MorDiff_morph_count": 2718,
    "MorDiff_bpcer_at_apcer_0.05": 0.4571917808219178,
    "MorDiff_bpcer_at_apcer_0.10": 0.3698630136986301,
    "MorDiff_bpcer_at_apcer_0.20": 0.25,
    "MorDiff_dataset": "MorDiff",
    "StyleGAN_accuracy": 0.2734952481520591,
    "StyleGAN_precision": 0.21238938053097345,
    "StyleGAN_recall": 0.018306636155606407,
    "StyleGAN_f1": 0.033707865168539325,
    "StyleGAN_auc": 0.39374706435714163,
    "StyleGAN_eer": 0.5761127967207152,
    "StyleGAN_apcer": 0.9816933638443935,
    "StyleGAN_bpcer": 0.15265866209262435,
    "StyleGAN_acer": 0.567176012968509,
    "StyleGAN_bonafide_mean": 0.22881072759628296,
    "StyleGAN_morph_mean": 0.1207987442612648,
    "StyleGAN_bonafide_std": 0.24410440027713776,
    "StyleGAN_morph_std": 0.11207079887390137,
    "StyleGAN_bonafide_count": 583,
    "StyleGAN_morph_count": 1311,
    "StyleGAN_bpcer_at_apcer_0.05": 0.9073756432246999,
    "StyleGAN_bpcer_at_apcer_0.10": 0.8679245283018868,
    "StyleGAN_bpcer_at_apcer_0.20": 0.8078902229845626,
    "StyleGAN_dataset": "StyleGAN",
    "LMA_MIPGAN_I_accuracy": 0.27502634351949423,
    "LMA_MIPGAN_I_precision": 0.03759398496240601,
    "LMA_MIPGAN_I_recall": 0.001901863826550019,
    "LMA_MIPGAN_I_f1": 0.003620564808110065,
    "LMA_MIPGAN_I_auc": 0.34468617291217885,
    "LMA_MIPGAN_I_eer": 0.6199145513931845,
    "LMA_MIPGAN_I_apcer": 0.99809813617345,
    "LMA_MIPGAN_I_bpcer": 0.10968294772922023,
    "LMA_MIPGAN_I_acer": 0.5538905419513351,
    "LMA_MIPGAN_I_bonafide_mean": 0.19754038751125336,
    "LMA_MIPGAN_I_morph_mean": 0.09018151462078094,
    "LMA_MIPGAN_I_bonafide_std": 0.200027197599411,
    "LMA_MIPGAN_I_morph_std": 0.0627237856388092,
    "LMA_MIPGAN_I_bonafide_count": 1167,
    "LMA_MIPGAN_I_morph_count": 2629,
    "LMA_MIPGAN_I_bpcer_at_apcer_0.05": 0.9108826049700086,
    "LMA_MIPGAN_I_bpcer_at_apcer_0.10": 0.8783204798628963,
    "LMA_MIPGAN_I_bpcer_at_apcer_0.20": 0.8269065981148244,
    "LMA_MIPGAN_I_dataset": "LMA_MIPGAN_I",
    "mean_accuracy": 0.3082919322260603,
    "mean_precision": 0.25576472780054754,
    "mean_recall": 0.06434816803983315,
    "mean_f1": 0.09738943436872873,
    "mean_auc": 0.46490264729721886,
    "mean_eer": 0.5212629721586971,
    "mean_apcer": 0.9356518319601668,
    "mean_bpcer": 0.10823796401099613,
    "mean_acer": 0.5219448979855815,
    "mean_dataset": "mean",
    "mean_bonafide_mean": 0.20398639142513275,
    "mean_morph_mean": 0.1630587875843048,
    "mean_bonafide_std": 0.19434118270874023,
    "mean_morph_std": 0.09140793234109879,
    "mean_bpcer_at_apcer_0.05": 0.8222501293495704,
    "mean_bpcer_at_apcer_0.10": 0.772290706691165,
    "mean_bpcer_at_apcer_0.20": 0.7020088680560057,
    "mean_total_time": 215.1608371734619
}