{
    "LMA_accuracy": 0.30606860158311344,
    "LMA_precision": 0.16666666666666666,
    "LMA_recall": 0.0007627765064836003,
    "LMA_f1": 0.0015186028853454822,
    "LMA_auc": 0.26980867893378474,
    "LMA_eer": 0.6736198186054774,
    "LMA_apcer": 0.9992372234935164,
    "LMA_bpcer": 0.008561643835616438,
    "LMA_acer": 0.5038994336645665,
    "LMA_bonafide_mean": 0.03327598050236702,
    "LMA_morph_mean": 0.0037584719248116016,
    "LMA_bonafide_std": 0.08510053157806396,
    "LMA_morph_std": 0.02287161909043789,
    "LMA_bonafide_count": 584,
    "LMA_morph_count": 1311,
    "LMA_bpcer_at_apcer_0.05": 0.9486301369863014,
    "LMA_bpcer_at_apcer_0.10": 0.9263698630136986,
    "LMA_bpcer_at_apcer_0.20": 0.875,
    "LMA_dataset": "LMA",
    "LMA_UBO_accuracy": 0.30457653866386114,
    "LMA_UBO_precision": 0.0,
    "LMA_UBO_recall": 0.0,
    "LMA_UBO_f1": 0.0,
    "LMA_UBO_auc": 0.5553921555868473,
    "LMA_UBO_eer": 0.4642091166771214,
    "LMA_UBO_apcer": 1.0,
    "LMA_UBO_bpcer": 0.00686106346483705,
    "LMA_UBO_acer": 0.5034305317324185,
    "LMA_UBO_bonafide_mean": 0.030780943110585213,
    "LMA_UBO_morph_mean": 0.02290493994951248,
    "LMA_UBO_bonafide_std": 0.0790826752781868,
    "LMA_UBO_morph_std": 0.04235408082604408,
    "LMA_UBO_bonafide_count": 583,
    "LMA_UBO_morph_count": 1318,
    "LMA_UBO_bpcer_at_apcer_0.05": 0.8524871355060034,
    "LMA_UBO_bpcer_at_apcer_0.10": 0.7427101200686106,
    "LMA_UBO_bpcer_at_apcer_0.20": 0.6535162950257289,
    "LMA_UBO_dataset": "LMA_UBO",
    "MIPGAN_I_accuracy": 0.3056286165176223,
    "MIPGAN_I_precision": 0.0,
    "MIPGAN_I_recall": 0.0,
    "MIPGAN_I_f1": 0.0,
    "MIPGAN_I_auc": 0.5533840711926433,
    "MIPGAN_I_eer": 0.45850240892042365,
    "MIPGAN_I_apcer": 1.0,
    "MIPGAN_I_bpcer": 0.003430531732418525,
    "MIPGAN_I_acer": 0.5017152658662093,
    "MIPGAN_I_bonafide_mean": 0.01378293614834547,
    "MIPGAN_I_morph_mean": 0.008787102065980434,
    "MIPGAN_I_bonafide_std": 0.04939974471926689,
    "MIPGAN_I_morph_std": 0.017040912061929703,
    "MIPGAN_I_bonafide_count": 583,
    "MIPGAN_I_morph_count": 1318,
    "MIPGAN_I_bpcer_at_apcer_0.05": 0.8782161234991424,
    "MIPGAN_I_bpcer_at_apcer_0.10": 0.7975986277873071,
    "MIPGAN_I_bpcer_at_apcer_0.20": 0.6740994854202401,
    "MIPGAN_I_dataset": "MIPGAN_I",
    "MIPGAN_II_accuracy": 0.3051025775907417,
    "MIPGAN_II_precision": 0.0,
    "MIPGAN_II_recall": 0.0,
    "MIPGAN_II_f1": 0.0,
    "MIPGAN_II_auc": 0.4533442478728361,
    "MIPGAN_II_eer": 0.5334157997069211,
    "MIPGAN_II_apcer": 1.0,
    "MIPGAN_II_bpcer": 0.005145797598627788,
    "MIPGAN_II_acer": 0.5025728987993139,
    "MIPGAN_II_bonafide_mean": 0.012309513054788113,
    "MIPGAN_II_morph_mean": 0.0038583173882216215,
    "MIPGAN_II_bonafide_std": 0.04572790861129761,
    "MIPGAN_II_morph_std": 0.005213618278503418,
    "MIPGAN_II_bonafide_count": 583,
    "MIPGAN_II_morph_count": 1318,
    "MIPGAN_II_bpcer_at_apcer_0.05": 0.9210977701543739,
    "MIPGAN_II_bpcer_at_apcer_0.10": 0.8542024013722127,
    "MIPGAN_II_bpcer_at_apcer_0.20": 0.7787307032590052,
    "MIPGAN_II_dataset": "MIPGAN_II",
    "MorDiff_accuracy": 0.1735311932162326,
    "MorDiff_precision": 0.4367816091954023,
    "MorDiff_recall": 0.013980868285504048,
    "MorDiff_f1": 0.027094474153297684,
    "MorDiff_auc": 0.46212842843750945,
    "MorDiff_eer": 0.5345993730281129,
    "MorDiff_apcer": 0.986019131714496,
    "MorDiff_bpcer": 0.0839041095890411,
    "MorDiff_acer": 0.5349616206517686,
    "MorDiff_bonafide_mean": 0.14434856176376343,
    "MorDiff_morph_mean": 0.08735451102256775,
    "MorDiff_bonafide_std": 0.20012831687927246,
    "MorDiff_morph_std": 0.11132685840129852,
    "MorDiff_bonafide_count": 584,
    "MorDiff_morph_count": 2718,
    "MorDiff_bpcer_at_apcer_0.05": 0.8921232876712328,
    "MorDiff_bpcer_at_apcer_0.10": 0.851027397260274,
    "MorDiff_bpcer_at_apcer_0.20": 0.7722602739726028,
    "MorDiff_dataset": "MorDiff",
    "StyleGAN_accuracy": 0.2930306230200634,
    "StyleGAN_precision": 0.15,
    "StyleGAN_recall": 0.004576659038901602,
    "StyleGAN_f1": 0.008882309400444115,
    "StyleGAN_auc": 0.3595110903517276,
    "StyleGAN_eer": 0.6023258795807477,
    "StyleGAN_apcer": 0.9954233409610984,
    "StyleGAN_bpcer": 0.058319039451114926,
    "StyleGAN_acer": 0.5268711902061066,
    "StyleGAN_bonafide_mean": 0.09113766998052597,
    "StyleGAN_morph_mean": 0.024510841816663742,
    "StyleGAN_bonafide_std": 0.18607699871063232,
    "StyleGAN_morph_std": 0.07050157338380814,
    "StyleGAN_bonafide_count": 583,
    "StyleGAN_morph_count": 1311,
    "StyleGAN_bpcer_at_apcer_0.05": 0.9502572898799314,
    "StyleGAN_bpcer_at_apcer_0.10": 0.9193825042881647,
    "StyleGAN_bpcer_at_apcer_0.20": 0.8627787307032591,
    "StyleGAN_dataset": "StyleGAN",
    "LMA_MIPGAN_I_accuracy": 0.30584826132771337,
    "LMA_MIPGAN_I_precision": 0.125,
    "LMA_MIPGAN_I_recall": 0.0003803727653100038,
    "LMA_MIPGAN_I_f1": 0.0007584376185058779,
    "LMA_MIPGAN_I_auc": 0.4135056125354175,
    "LMA_MIPGAN_I_eer": 0.5639658570626291,
    "LMA_MIPGAN_I_apcer": 0.99961962723469,
    "LMA_MIPGAN_I_bpcer": 0.005998286203941731,
    "LMA_MIPGAN_I_acer": 0.5028089567193159,
    "LMA_MIPGAN_I_bonafide_mean": 0.023537809029221535,
    "LMA_MIPGAN_I_morph_mean": 0.006279253400862217,
    "LMA_MIPGAN_I_bonafide_std": 0.07027281820774078,
    "LMA_MIPGAN_I_morph_std": 0.020308535546064377,
    "LMA_MIPGAN_I_bonafide_count": 1167,
    "LMA_MIPGAN_I_morph_count": 2629,
    "LMA_MIPGAN_I_bpcer_at_apcer_0.05": 0.9108826049700086,
    "LMA_MIPGAN_I_bpcer_at_apcer_0.10": 0.8628963153384748,
    "LMA_MIPGAN_I_bpcer_at_apcer_0.20": 0.778063410454156,
    "LMA_MIPGAN_I_dataset": "LMA_MIPGAN_I",
    "mean_accuracy": 0.2848266302741926,
    "mean_precision": 0.12549261083743843,
    "mean_recall": 0.0028143823708856076,
    "mean_f1": 0.005464832008227594,
    "mean_auc": 0.43815346927296656,
    "mean_eer": 0.547234036225919,
    "mean_apcer": 0.9971856176291143,
    "mean_bpcer": 0.024602924553656792,
    "mean_acer": 0.5108942710913856,
    "mean_dataset": "mean",
    "mean_bonafide_mean": 0.049881916493177414,
    "mean_morph_mean": 0.022493349388241768,
    "mean_bonafide_std": 0.10225556790828705,
    "mean_morph_std": 0.041373882442712784,
    "mean_bpcer_at_apcer_0.05": 0.9076706212381419,
    "mean_bpcer_at_apcer_0.10": 0.8505981755898203,
    "mean_bpcer_at_apcer_0.20": 0.7706355569764275,
    "mean_total_time": 212.01384925842285
}