epoch,loss_train,lr,time_train,loss_val,auc,eer,precision,recall,f1,apcer,bpcer,acer,time_val
1,0.47823162144296383,0.0005,130.38283848762512,1.3664910693963368,0.5523138243310571,0.4657542276017702,0.0,0.0,0.0,1.0,0.050335570469798654,0.5251677852348994,9.943899631500244
2,0.06134158108757917,0.0005,129.48492860794067,2.668046643336614,0.45910143313501944,0.536429178511767,0.0,0.0,0.0,1.0,0.010067114093959731,0.5050335570469798,9.80213975906372
3,0.024027818092021834,0.0005,128.95135378837585,2.942556083202362,0.41793177222238503,0.5778919140705138,0.0,0.0,0.0,1.0,0.0,0.5,9.581947565078735
4,0.014674718247815258,0.0005,134.01748657226562,3.606697807709376,0.4648969842618915,0.5397848832097536,0.0,0.0,0.0,1.0,0.0,0.5,9.989590167999268
