epoch,loss_train,lr,time_train,loss_val,auc,eer,precision,recall,f1,apcer,bpcer,acer,time_val
1,0.4669993949472589,0.0005,129.13121056556702,1.626016691327095,0.43614135539475357,0.5612362210049368,0.0,0.0,0.0,1.0,0.07526881720430108,0.5376344086021505,10.313664197921753
2,0.06044069045376052,0.0005,130.25795578956604,2.8242717484633126,0.48449463868412945,0.512341921958477,0.0,0.0,0.0,1.0,0.0035842293906810036,0.5017921146953405,10.62639331817627
3,0.024272799191296733,0.0005,133.7076494693756,3.037032355864843,0.5055115980252926,0.5226550348278893,0.0,0.0,0.0,1.0,0.0035842293906810036,0.5017921146953405,11.58540153503418
4,0.015802893388484205,0.0005,139.47831845283508,3.713364084561666,0.5074352096060353,0.5187664840738486,0.0,0.0,0.0,1.0,0.0,0.5,10.189682483673096
